{
  "best_params": {
    "window": 60,
    "horizon": 1,
    "stride": 1,
    "batch_size": 128,
    "epochs": 31,
    "lr": 0.0005412122952984079,
    "weight_decay": 0.00023160476772672353,
    "hidden_size": 512,
    "num_layers": 4,
    "dropout": 0.18572028892507292,
    "grad_clip": 0.9318757530550258
  },
  "best_value": 0.04366634940032624,
  "n_trials": 50
}