{
  "best_params": {
    "window": 50,
    "horizon": 5,
    "stride": 5,
    "batch_size": 512,
    "epochs": 20,
    "lr": 0.0006892901909117427,
    "weight_decay": 1.1247369457534774e-05,
    "hidden_size": 64,
    "num_layers": 3,
    "dropout": 0.23838183921280104,
    "grad_clip": 1.0303353522272594
  },
  "best_value": Infinity,
  "n_trials": 100
}